,0
LotArea,0.948750519402676
YearBuilt,0.015316315056027362
YearRemodAdd,0.010397849434508551
MasVnrArea,1.7457046666466627
BsmtFinSF1,1.0277300236206974
BsmtFinSF2,3.4643692776085517
BsmtUnfSF,0.7787096908793854
TotalBsmtSF,0.41473694185715376
1stFlrSF,0.33239845446885574
2ndFlrSF,1.2576034274740093
LowQualFinSF,8.31658070876126
GrLivArea,0.3466268403770768
GarageYrBlt,0.012474447417012388
GarageArea,0.45188284107868737
WoodDeckSF,1.3294763666475493
OpenPorchSF,1.4194801643990616
EnclosedPorch,2.7829966664470263
3SsnPorch,8.595548701630822
ScreenPorch,3.7008478252084664
PoolArea,14.55778948473826
MiscVal,11.404093484510524
MoSold,0.4275126998425316
YrSold,0.0006612360787006887
SalePrice,0.4389496293965003
